ds,y
2016-1-1,445
2016-1-2,445
2016-1-3,445
2016-1-4,445
2016-1-5,433
2016-1-6,429
2016-1-7,424
2016-1-8,424
2016-1-9,424
2016-1-10,424
2016-1-11,424
2016-1-12,424
2016-1-13,424
2016-1-14,424
2016-1-15,424
2016-1-16,424
2016-1-17,419
2016-1-18,409
2016-1-19,409
2016-1-20,409
2016-1-21,412
2016-1-22,415
2016-1-23,419
2016-1-24,419
2016-1-25,422
2016-1-26,423
2016-1-27,430
2016-1-28,435
2016-1-29,435
2016-1-30,435
2016-1-31,435
2016-2-1,427
2016-2-2,422
2016-2-3,412
2016-2-4,412
2016-2-5,412
2016-2-6,412
2016-2-7,412
2016-2-8,412
2016-2-9,412
2016-2-10,399
2016-2-11,399
2016-2-12,396
2016-2-13,396
2016-2-14,392
2016-2-15,390
2016-2-16,378
2016-2-17,378
2016-2-18,371
2016-2-19,365
2016-2-20,363
2016-2-21,363
2016-2-22,357
2016-2-23,357
2016-2-24,348
2016-2-25,348
2016-2-26,346
2016-2-27,346
2016-2-28,342
2016-3-1,335
2016-3-2,335
2016-3-3,328
2016-3-4,328
2016-3-5,328
2016-3-6,328
2016-3-7,328
2016-3-8,328
2016-3-9,329
2016-3-10,325
2016-3-11,321
2016-3-12,320
2016-3-13,310
2016-3-14,310
2016-3-15,313
2016-3-16,315
2016-3-17,317
2016-3-18,320
2016-3-19,325
2016-3-20,325
2016-3-21,332
2016-3-22,335
2016-3-23,342
2016-3-24,343
2016-3-25,345
2016-3-26,347
2016-3-27,351
2016-3-28,353
2016-3-29,354
2016-3-30,358
2016-3-31,358
2016-4-1,358
2016-4-2,358
2016-4-3,352
2016-4-4,352
2016-4-5,352
2016-4-6,352
2016-4-7,352
2016-4-8,352
2016-4-9,343
2016-4-10,343
2016-4-11,340
2016-4-12,334
2016-4-13,330
2016-4-14,320
2016-4-15,320
2016-4-16,317
2016-4-17,310
2016-4-18,310
2016-4-19,307
2016-4-20,307
2016-4-21,-
2016-4-22,307
2016-4-23,307
2016-4-24,307
2016-4-25,307
2016-4-26,300
2016-4-27,300
2016-4-28,300
2016-4-29,300
2016-4-30,303
2016-5-1,310
2016-5-2,315
2016-5-3,327
2016-5-4,333
2016-5-5,343
2016-5-6,360
2016-5-7,380
2016-5-8,385
2016-5-9,390
2016-5-10,390
2016-5-11,400
2016-5-12,412
2016-5-13,412
2016-5-14,412
2016-5-15,420
2016-5-16,425
2016-5-17,428
2016-5-18,435
2016-5-19,437
2016-5-20,437
2016-5-21,437
2016-5-22,437
2016-5-23,400
2016-5-24,400
2016-5-25,400
2016-5-26,400
2016-5-27,388
2016-5-28,379
2016-5-29,379
2016-5-30,379
2016-5-31,379
2016-6-1,379
2016-6-2,385
2016-6-3,387
2016-6-4,387
2016-6-5,390
2016-6-6,391
2016-6-7,393
2016-6-8,400
2016-6-9,400
2016-6-10,400
2016-6-11,405
2016-6-12,405
2016-6-13,410
2016-6-14,411
2016-6-15,411
2016-6-16,417
2016-6-17,419
2016-6-18,422
2016-6-19,422
2016-6-20,425
2016-6-21,426
2016-6-22,432
2016-6-23,433
2016-6-24,433
2016-6-25,433
2016-6-26,433
2016-6-27,424
2016-6-28,420
2016-6-29,430
2016-6-30,440
2016-7-1,445
2016-7-2,445
2016-7-3,445
2016-7-4,445
2016-7-5,445
2016-7-6,445
2016-7-7,445
2016-7-8,445
2016-7-9,445
2016-7-10,445
2016-7-11,447
2016-7-12,450
2016-7-13,450
2016-7-14,450
2016-7-15,450
2016-7-16,453
2016-7-17,453
2016-7-18,453
2016-7-19,453
2016-7-20,453
2016-7-21,453
2016-7-22,453
2016-7-23,453
2016-7-24,453
2016-7-25,453
2016-7-26,443
2016-7-27,445
2016-7-28,445
2016-7-29,440
2016-7-30,440
2016-7-31,440
2016-8-1,450
2016-8-2,452
2016-8-3,452
2016-8-4,452
2016-8-5,452
2016-8-6,455
2016-8-7,460
2016-8-8,465
2016-8-9,470
2016-8-10,475
2016-8-11,485
2016-8-12,495
2016-8-13,505
2016-8-14,515
2016-8-15,515
2016-8-16,515
2016-8-17,517
2016-8-18,519
2016-8-19,509
2016-8-20,502
2016-8-21,500
2016-8-22,505
2016-8-23,507
2016-8-24,507
2016-8-25,507
2016-8-26,500
2016-8-27,500
2016-8-28,480
2016-8-29,475
2016-8-30,455
2016-8-31,461
2016-9-1,355
2016-9-2,355
2016-9-3,355
2016-9-4,357
2016-9-5,357
2016-9-6,363
2016-9-7,365
2016-9-8,372
2016-9-9,380
2016-9-10,385
2016-9-11,387
2016-9-12,390
2016-9-13,395
2016-9-14,405
2016-9-15,410
2016-9-16,412
2016-9-17,412
2016-9-18,412
2016-9-19,412
2016-9-20,408
2016-9-21,403
2016-9-22,395
2016-9-23,395
2016-9-24,395
2016-9-25,395
2016-9-26,398
2016-9-27,398
2016-9-28,400
2016-9-29,402
2016-9-30,402
2016-10-1,402
2016-10-2,402
2016-10-3,402
2016-10-4,402
2016-10-5,402
2016-10-6,402
2016-10-7,402
2016-10-8,402
2016-10-9,402
2016-10-10,398
2016-10-11,390
2016-10-12,390
2016-10-13,390
2016-10-14,390
2016-10-15,390
2016-10-16,390
2016-10-17,398
2016-10-18,402
2016-10-19,406
2016-10-20,406
2016-10-21,406
2016-10-22,406
2016-10-23,406
2016-10-24,410
2016-10-25,412
2016-10-26,420
2016-10-27,426
2016-10-28,430
2016-10-29,430
2016-10-30,430
2016-10-31,422
2016-11-1,417
2016-11-2,417
2016-11-3,410
2016-11-4,417
2016-11-5,436
2016-11-6,436
2016-11-7,437
2016-11-8,437
2016-11-9,437
2016-11-10,437
2016-11-11,425
2016-11-12,418
2016-11-13,399
2016-11-14,399
2016-11-15,390
2016-11-16,383
2016-11-17,373
2016-11-18,370
2016-11-19,382
2016-11-20,382
2016-11-21,382
2016-11-22,382
2016-11-23,368
2016-11-24,380
2016-11-25,387
2016-11-26,390
2016-11-27,390
2016-11-28,395
2016-11-29,398
2016-11-30,398
2016-12-1,398
2016-12-2,398
2016-12-3,390
2016-12-4,385
2016-12-5,385
2016-12-6,385
2016-12-7,425
2016-12-8,425
2016-12-9,430
2016-12-10,440
2016-12-11,440
2016-12-12,440
2016-12-13,440
2016-12-14,440
2016-12-15,442
2016-12-16,442
2016-12-17,442
2016-12-18,442
2016-12-19,442
2016-12-20,424
2016-12-21,414
2016-12-22,410
2016-12-23,412
2016-12-24,423
2016-12-25,423
2016-12-26,425
2016-12-27,425
2016-12-28,417
2016-12-29,417
2016-12-30,417
2016-12-31,409
2017-1-1,409
2017-1-2,400
2017-1-3,394
2017-1-4,387
2017-1-5,387
2017-1-6,377
2017-1-7,375
2017-1-8,375
2017-1-9,375
2017-1-10,385
2017-1-11,385
2017-1-12,385
2017-1-13,378
2017-1-14,378
2017-1-15,378
2017-1-16,370
2017-1-17,370
2017-1-18,358
2017-1-19,358
2017-1-20,356
2017-1-21,356
2017-1-22,366
2017-1-23,360
2017-1-24,360
2017-1-25,360
2017-1-26,360
2017-1-27,360
2017-1-28,350
2017-1-29,348
2017-1-30,348
2017-1-31,348
2017-2-1,348
2017-2-2,348
2017-2-3,345
2017-2-4,342
2017-2-5,342
2017-2-6,342
2017-2-7,340
2017-2-8,336
2017-2-9,336
2017-2-10,336
2017-2-11,336
2017-2-12,336
2017-2-13,341
2017-2-14,350
2017-2-15,350
2017-2-16,352
2017-2-17,355
2017-2-18,355
2017-2-19,360
2017-2-20,365
2017-2-21,368
2017-2-22,372
2017-2-23,378
2017-2-24,384
2017-2-25,388
2017-2-26,390
2017-2-27,395
2017-2-28,397
2017-3-1,400
2017-3-2,400
2017-3-3,400
2017-3-4,400
2017-3-5,400
2017-3-6,400
2017-3-7,400
2017-3-8,383
2017-3-9,380
2017-3-10,378
2017-3-11,378
2017-3-12,378
2017-3-13,378
2017-3-14,362
2017-3-15,362
2017-3-16,350
2017-3-17,350
2017-3-18,350
2017-3-19,360
2017-3-20,362
2017-3-21,362
2017-3-22,365
2017-3-23,368
2017-3-24,372
2017-3-25,375
2017-3-26,375
2017-3-27,375
2017-3-28,375
2017-3-29,360
2017-3-30,358
2017-3-31,358
2017-4-1,358
2017-4-2,358
2017-4-3,353
2017-4-4,348
2017-4-5,348
2017-4-6,337
2017-4-7,337
2017-4-8,327
2017-4-9,320
2017-4-10,320
2017-4-11,320
2017-4-12,307
2017-4-13,303
2017-4-14,303
2017-4-15,303
2017-4-16,302
2017-4-17,297
2017-4-18,295
2017-4-19,295
2017-4-20,295
2017-4-21,295
2017-4-22,295
2017-4-23,295
2017-4-24,297
2017-4-25,300
2017-4-26,305
2017-4-27,307
2017-4-28,307
2017-4-29,307
2017-4-30,309
2017-5-1,310
2017-5-2,314
2017-5-3,321
2017-5-4,332
2017-5-5,345
2017-5-6,352
2017-5-7,360
2017-5-8,366
2017-5-9,375
2017-5-10,382
2017-5-11,392
2017-5-12,397
2017-5-13,402
2017-5-14,402
2017-5-15,402
2017-5-16,390
2017-5-17,380
2017-5-18,373
2017-5-19,366
2017-5-20,358
2017-5-21,347
2017-5-22,347
2017-5-23,347
2017-5-24,347
2017-5-25,347
2017-5-26,338
2017-5-27,338
2017-5-28,338
2017-5-29,338
2017-5-30,343
2017-5-31,350
2017-6-1,352
2017-6-2,360
2017-6-3,360
2017-6-4,367
2017-6-5,370
2017-6-6,373
2017-6-7,376
2017-6-8,388
2017-6-9,388
2017-6-10,390
2017-6-11,400
2017-6-12,402
2017-6-13,407
2017-6-14,410
2017-6-15,410
2017-6-16,415
2017-6-17,415
2017-6-18,415
2017-6-19,407
2017-6-20,407
2017-6-21,400
2017-6-22,400
2017-6-23,395
2017-6-24,395
2017-6-25,395
2017-6-26,395
2017-6-27,395
2017-6-28,395
2017-6-29,395
2017-6-30,405
2017-7-1,409
2017-7-2,413
2017-7-3,420
2017-7-4,420
2017-7-5,420
2017-7-6,420
2017-7-7,408
2017-7-8,408
2017-7-9,398
2017-7-10,398
2017-7-11,398
2017-7-12,398
2017-7-13,398
2017-7-14,398
2017-7-15,398
2017-7-16,380
2017-7-17,360
2017-7-18,360
2017-7-19,350
2017-7-20,350
2017-7-21,350
2017-7-22,350
2017-7-23,350
2017-7-24,350
2017-7-25,345
2017-7-26,345
2017-7-27,345
2017-7-28,345
2017-7-29,345
2017-7-30,345
2017-7-31,345
2017-8-1,338
2017-8-2,338
2017-8-3,338
2017-8-4,344
2017-8-5,348
2017-8-6,355
2017-8-7,357
2017-8-8,364
2017-8-9,367
2017-8-10,373
2017-8-11,377
2017-8-12,382
2017-8-13,390
2017-8-14,390
2017-8-15,393
2017-8-16,393
2017-8-17,393
2017-8-18,393
2017-8-19,393
2017-8-20,393
2017-8-21,393
2017-8-22,394
2017-8-23,394
2017-8-24,394
2017-8-25,394
2017-8-26,394
2017-8-27,390
2017-8-28,390
2017-8-29,390
2017-8-30,394
2017-8-31,397
2017-9-1,397
2017-9-2,399
2017-9-3,399
2017-9-4,403
2017-9-5,403
2017-9-6,395
2017-9-7,395
2017-9-8,395
2017-9-9,395
2017-9-10,395
2017-9-11,395
2017-9-12,392
2017-9-13,392
2017-9-14,390
2017-9-15,390
2017-9-16,390
2017-9-17,390
2017-9-18,390
2017-9-19,390
2017-9-20,393
2017-9-21,393
2017-9-22,393
2017-9-23,393
2017-9-24,393
2017-9-25,393
2017-9-26,393
2017-9-27,393
2017-9-28,393
2017-9-29,393
2017-9-30,396
2017-10-1,400
2017-10-2,406
2017-10-3,406
2017-10-4,408
2017-10-5,412
2017-10-6,413
2017-10-7,415
2017-10-8,417
2017-10-9,410
2017-10-10,410
2017-10-11,400
2017-10-12,400
2017-10-13,400
2017-10-14,400
2017-10-15,400
2017-10-16,407
2017-10-17,410
2017-10-18,412
2017-10-19,412
2017-10-20,413
2017-10-21,416
2017-10-22,425
2017-10-23,425
2017-10-24,428
2017-10-25,432
2017-10-26,432
2017-10-27,432
2017-10-28,438
2017-10-29,440
2017-10-30,446
2017-10-31,451
2017-11-1,456
2017-11-2,462
2017-11-3,470
2017-11-4,476
2017-11-5,487
2017-11-6,490
2017-11-7,495
2017-11-8,500
2017-11-9,504
2017-11-10,504
2017-11-11,504
2017-11-12,513
2017-11-13,516
2017-11-14,530
2017-11-15,552
2017-11-16,552
2017-11-17,552
2017-11-18,552
2017-11-19,552
2017-11-20,520
2017-11-21,513
2017-11-22,498
2017-11-23,498
2017-11-24,500
2017-11-25,500
2017-11-26,500
2017-11-27,482
2017-11-28,472
2017-11-29,460
2017-11-30,448
2017-12-1,448
2017-12-2,425
2017-12-3,425
2017-12-4,425
2017-12-5,425
2017-12-6,425
2017-12-7,410
2017-12-8,415
2017-12-9,420
2017-12-10,429
2017-12-11,432
2017-12-12,432
2017-12-13,432
2017-12-14,432
2017-12-15,410
2017-12-16,410
2017-12-17,410
2017-12-18,410
2017-12-19,400
2017-12-20,400
2017-12-21,400
2017-12-22,400
2017-12-23,400
2017-12-24,400
2017-12-25,400
2017-12-26,400
2017-12-27,390
2017-12-28,390
2017-12-29,390
2017-12-30,390
2017-12-31,398
2018-1-1,406
2018-1-2,416
2018-1-3,422
2018-1-4,426
2018-1-5,427
2018-1-6,433
2018-1-7,440
2018-1-8,440
2018-1-9,445
2018-1-10,445
2018-1-11,445
2018-1-12,450
2018-1-13,450
2018-1-14,450
2018-1-15,450
2018-1-16,460
2018-1-17,464
2018-1-18,464
2018-1-19,464
2018-1-20,464
2018-1-21,464
2018-1-22,464
2018-1-23,464
2018-1-24,448
2018-1-25,446
2018-1-26,425
2018-1-27,413
2018-1-28,413
2018-1-29,408
2018-1-30,401
2018-1-31,398
2018-2-1,398
2018-2-2,398
2018-2-3,390
2018-2-4,390
2018-2-5,388
2018-2-6,388
2018-2-7,373
2018-2-8,373
2018-2-9,373
2018-2-10,380
2018-2-11,392
2018-2-12,395
2018-2-13,418
2018-2-14,427
2018-2-15,432
2018-2-16,432
2018-2-17,432
2018-2-18,432
2018-2-19,415
2018-2-20,415
2018-2-21,415
2018-2-22,415
2018-2-23,415
2018-2-24,415
2018-2-25,398
2018-2-26,398
2018-2-27,398
2018-2-28,398
2018-3-1,390
2018-3-2,385
2018-3-3,380
2018-3-4,380
2018-3-5,380
2018-3-6,380
2018-3-7,380
2018-3-8,368
2018-3-9,368
2018-3-10,368
2018-3-11,368
2018-3-12,360
2018-3-13,360
2018-3-14,360
2018-3-15,355
2018-3-16,360
2018-3-17,360
2018-3-18,360
2018-3-19,360
2018-3-20,360
2018-3-21,360
2018-3-22,360
2018-3-23,352
2018-3-24,352
2018-3-25,347
2018-3-26,347
2018-3-27,337
2018-3-28,337
2018-3-29,330
2018-3-30,320
2018-3-31,317
2018-4-1,317
2018-4-2,315
2018-4-3,318
2018-4-4,323
2018-4-5,327
2018-4-6,329
2018-4-7,333
2018-4-8,335
2018-4-9,339
2018-4-10,346
2018-4-11,353
2018-4-12,353
2018-4-13,353
2018-4-14,363
2018-4-15,370
2018-4-16,375
2018-4-17,377
2018-4-18,379
2018-4-19,379
2018-4-20,379
2018-4-21,379
2018-4-22,373
2018-4-23,373
2018-4-24,373
2018-4-25,373
2018-4-26,367
2018-4-27,365
2018-4-28,362
2018-4-29,362
2018-4-30,362
2018-5-1,363
2018-5-2,370
2018-5-3,372
2018-5-4,377
2018-5-5,377
2018-5-6,379
2018-5-7,379
2018-5-8,379
2018-5-9,377
2018-5-10,375
2018-5-11,375
2018-5-12,375
2018-5-13,375
2018-5-14,375
2018-5-15,375
2018-5-16,375
2018-5-17,376
2018-5-18,380
2018-5-19,385
2018-5-20,390
2018-5-21,390
2018-5-22,392
2018-5-23,392
2018-5-24,397
2018-5-25,397
2018-5-26,400
2018-5-27,400
2018-5-28,400
2018-5-29,394
2018-5-30,390
2018-5-31,390
2018-6-1,390
2018-6-2,390
2018-6-3,390
2018-6-4,390
2018-6-5,390
2018-6-6,390
2018-6-7,390
2018-6-8,398
2018-6-9,402
2018-6-10,406
2018-6-11,410
2018-6-12,412
2018-6-13,413
2018-6-14,419
2018-6-15,424
2018-6-16,429
2018-6-17,429
2018-6-18,429
2018-6-19,429
2018-6-20,429
2018-6-21,429
2018-6-22,421
2018-6-23,421
2018-6-24,421
2018-6-25,420
2018-6-26,420
2018-6-27,420
2018-6-28,425
2018-6-29,425
2018-6-30,425
2018-7-1,427
2018-7-2,427
2018-7-3,430
2018-7-4,433
2018-7-5,439
2018-7-6,444
2018-7-7,444
2018-7-8,450
2018-7-9,455
2018-7-10,460
2018-7-11,465
2018-7-12,465
2018-7-13,468
2018-7-14,468
2018-7-15,470
2018-7-16,473
2018-7-17,475
2018-7-18,477
2018-7-19,477
2018-7-20,480
2018-7-21,481
2018-7-22,483
2018-7-23,485
2018-7-24,487
2018-7-25,489
2018-7-26,490
2018-7-27,490
2018-7-28,490
2018-7-29,490
2018-7-30,478
2018-7-31,476
2018-8-1,455
2018-8-2,455
2018-8-3,440
2018-8-4,440
2018-8-5,420
2018-8-6,400
2018-8-7,400
2018-8-8,385
2018-8-9,383
2018-8-10,370
2018-8-11,370
2018-8-12,370
2018-8-13,360
2018-8-14,350
2018-8-15,350
2018-8-16,350
2018-8-17,350
2018-8-18,360
2018-8-19,370
2018-8-20,380
2018-8-21,385
2018-8-22,385
2018-8-23,385
2018-8-24,385
2018-8-25,385
2018-8-26,376
2018-8-27,376
2018-8-28,376
2018-8-29,368
2018-8-30,368
2018-8-31,368
2018-9-1,368
2018-9-2,368
2018-9-3,368
2018-9-4,375
2018-9-5,380
2018-9-6,385
2018-9-7,390
2018-9-8,395
2018-9-9,397
2018-9-10,403
2018-9-11,408
2018-9-12,408
2018-9-13,412
2018-9-14,412
2018-9-15,416
2018-9-16,417
2018-9-17,417
2018-9-18,417
2018-9-19,409
2018-9-20,405
2018-9-21,405
2018-9-22,405
2018-9-23,405
2018-9-24,405
2018-9-25,415
2018-9-26,415
2018-9-27,423
2018-9-28,426
2018-9-29,426
2018-9-30,426
2018-10-1,417
2018-10-2,412
2018-10-3,412
2018-10-4,412
2018-10-5,412
2018-10-6,405
2018-10-7,405
2018-10-8,405
2018-10-9,405
2018-10-10,405
2018-10-11,405
2018-10-12,408
2018-10-13,410
2018-10-14,415
2018-10-15,418
2018-10-16,421
2018-10-17,426
2018-10-18,426
2018-10-19,430
2018-10-20,430
2018-10-21,433
2018-10-22,435
2018-10-23,435
2018-10-24,435
2018-10-25,435
2018-10-26,438
2018-10-27,438
2018-10-28,438
2018-10-29,440
2018-10-30,440
2018-10-31,440
2018-11-1,434
2018-11-2,432
2018-11-3,432
2018-11-4,432
2018-11-5,440
2018-11-6,444
2018-11-7,446
2018-11-8,446
2018-11-9,446
2018-11-10,446
2018-11-11,446
2018-11-12,446
2018-11-13,446
2018-11-14,446
2018-11-15,446
2018-11-16,446
2018-11-17,446
2018-11-18,446
2018-11-19,446
2018-11-20,446
2018-11-21,446
2018-11-22,441
2018-11-23,441
2018-11-24,441
2018-11-25,441
2018-11-26,430
2018-11-27,430
2018-11-28,430
2018-11-29,432
2018-11-30,434
2018-12-1,436
2018-12-2,438
2018-12-3,440
2018-12-4,443
2018-12-5,443
2018-12-6,443
2018-12-7,443
2018-12-8,443
2018-12-9,446
2018-12-10,448
2018-12-11,452
2018-12-12,455
2018-12-13,458
2018-12-14,461
2018-12-15,464
2018-12-16,466
2018-12-17,468
2018-12-18,470
2018-12-19,472
2018-12-20,472
2018-12-21,474
2018-12-22,476
2018-12-23,478
2018-12-24,480
2018-12-25,483
2018-12-26,486
2018-12-27,486
2018-12-28,488
2018-12-29,490
2018-12-30,490
2018-12-31,492
2019-1-1,492
2019-1-2,492
2019-1-3,492
2019-1-4,492
2019-1-5,492
2019-1-6,492
2019-1-7,492
2019-1-8,492
2019-1-9,492
2019-1-10,492
2019-1-11,480
2019-1-12,480
2019-1-13,480
2019-1-14,476
2019-1-15,476
2019-1-16,474
2019-1-17,466
2019-1-18,466
2019-1-19,466
2019-1-20,466
2019-1-21,458
2019-1-22,458
2019-1-23,448
2019-1-24,448
2019-1-25,448
2019-1-26,448
2019-1-27,440
2019-1-28,440
2019-1-29,430
2019-1-30,430
2019-1-31,426
2019-2-1,426
2019-2-2,426
2019-2-3,426
2019-2-4,430
2019-2-5,430
2019-2-6,440
2019-2-7,443
2019-2-8,450
2019-2-9,452
2019-2-10,460
2019-2-11,464
2019-2-12,464
2019-2-13,467
2019-2-14,470
2019-2-15,475
2019-2-16,477
2019-2-17,477
2019-2-18,477
2019-2-19,480
2019-2-20,480
2019-2-21,480
2019-2-22,481
2019-2-23,482
2019-2-24,482
2019-2-25,482
2019-2-26,470
2019-2-27,470
2019-2-28,462
2019-3-1,462
2019-3-2,454
2019-3-3,454
2019-3-4,454
2019-3-5,440
2019-3-6,440
2019-3-7,440
2019-3-8,425
2019-3-9,410
2019-3-10,410
2019-3-11,410
2019-3-12,404
2019-3-13,398
2019-3-14,398
2019-3-15,398
2019-3-16,398
2019-3-17,398
2019-3-18,386
2019-3-19,386
2019-3-20,386
2019-3-21,386
2019-3-22,375
2019-3-23,375
2019-3-24,375
2019-3-25,375
2019-3-26,360
2019-3-27,360
2019-3-28,360
2019-3-29,353
2019-3-30,353
2019-3-31,353
2019-4-1,353
2019-4-2,353
2019-4-3,353
2019-4-4,353
2019-4-5,357
2019-4-6,359
2019-4-7,361
2019-4-8,366
2019-4-9,368
2019-4-10,370
2019-4-11,372
2019-4-12,372
2019-4-13,376
2019-4-14,378
2019-4-15,378
2019-4-16,373
2019-4-17,365
2019-4-18,357
2019-4-19,348
2019-4-20,348
2019-4-21,343
2019-4-22,340
2019-4-23,330
2019-4-24,315
2019-4-25,315
2019-4-26,315
2019-4-27,307
2019-4-28,307
2019-4-29,315
2019-4-30,330
2019-5-1,342
2019-5-2,347
2019-5-3,365
2019-5-4,380
2019-5-5,390
2019-5-6,390
2019-5-7,390
2019-5-8,402
2019-5-9,402
2019-5-10,402
2019-5-11,380
2019-5-12,360
2019-5-13,360
2019-5-14,350
2019-5-15,350
2019-5-16,350
2019-5-17,350
2019-5-18,357
2019-5-19,357
2019-5-20,360
2019-5-21,360
2019-5-22,360
2019-5-23,360
2019-5-24,360
2019-5-25,360
2019-5-26,360
2019-5-27,360
2019-5-28,354
2019-5-29,354
2019-5-30,354
2019-5-31,350
2019-6-1,350
2019-6-2,350
2019-6-3,353
2019-6-4,358
2019-6-5,358
2019-6-6,358
2019-6-7,362
2019-6-8,370
2019-6-9,380
2019-6-10,387
2019-6-11,398
2019-6-12,410
2019-6-13,412
2019-6-14,426
2019-6-15,435
2019-6-16,443
2019-6-17,443
2019-6-18,450
2019-6-19,450
2019-6-20,450
2019-6-21,444
2019-6-22,444
2019-6-23,444
2019-6-24,444
2019-6-25,444
2019-6-26,447
2019-6-27,450
2019-6-28,453
2019-6-29,454
2019-6-30,454
2019-7-1,456
2019-7-2,456
2019-7-3,451
2019-7-4,451
2019-7-5,451
2019-7-6,451
2019-7-7,451
2019-7-8,451
2019-7-9,451
2019-7-10,451
2019-7-11,451
2019-7-12,440
2019-7-13,435
2019-7-14,435
2019-7-15,425
2019-7-16,415
2019-7-17,407
2019-7-18,395
2019-7-19,395
2019-7-20,385
2019-7-21,385
2019-7-22,375
2019-7-23,360
2019-7-24,357
2019-7-25,350
2019-7-26,342
2019-7-27,342
2019-7-28,344
2019-7-29,350
2019-7-30,357
2019-7-31,360
2019-8-1,365
2019-8-2,369
2019-8-3,373
2019-8-4,375
2019-8-5,377
2019-8-6,377
2019-8-7,380
2019-8-8,380
2019-8-9,380
2019-8-10,380
2019-8-11,380
2019-8-12,380
2019-8-13,380
2019-8-14,380
2019-8-15,380
2019-8-16,380
2019-8-17,380
2019-8-18,380
2019-8-19,380
2019-8-20,370
2019-8-21,365
2019-8-22,360
2019-8-23,360
2019-8-24,362
2019-8-25,365
2019-8-26,368
2019-8-27,370
2019-8-28,372
2019-8-29,374
2019-8-30,374
2019-8-31,374
2019-9-1,374
2019-9-2,374
2019-9-3,374
2019-9-4,377
2019-9-5,377
2019-9-6,379
2019-9-7,383
2019-9-8,388
2019-9-9,392
2019-9-10,395
2019-9-11,402
2019-9-12,402
2019-9-13,408
2019-9-14,410
2019-9-15,415
2019-9-16,419
2019-9-17,422
2019-9-18,425
2019-9-19,431
2019-9-20,435
2019-9-21,438
2019-9-22,442
2019-9-23,442
2019-9-24,447
2019-9-25,449
2019-9-26,453
2019-9-27,455
2019-9-28,460
2019-9-29,460
2019-9-30,462
2019-10-1,462
2019-10-2,462
2019-10-3,462
2019-10-4,462
2019-10-5,462
2019-10-6,462
2019-10-7,462
2019-10-8,453
2019-10-9,450
2019-10-10,450
2019-10-11,450
2019-10-12,450
2019-10-13,450
2019-10-14,445
2019-10-15,440
2019-10-16,435
2019-10-17,430
2019-10-18,425
2019-10-19,419
2019-10-20,410
2019-10-21,410
2019-10-22,400
2019-10-23,405
2019-10-24,415
2019-10-25,423
2019-10-26,428
2019-10-27,433
2019-10-28,433
2019-10-29,433
2019-10-30,433
2019-10-31,433
2019-11-1,423
2019-11-2,412
2019-11-3,412
2019-11-4,412
2019-11-5,412
2019-11-6,415
2019-11-7,425
2019-11-8,427
2019-11-9,438
2019-11-10,440
2019-11-11,445
2019-11-12,450
2019-11-13,457
2019-11-14,460
2019-11-15,465
2019-11-16,470
2019-11-17,475
2019-11-18,478
2019-11-19,482
2019-11-20,485
2019-11-21,485
2019-11-22,485
2019-11-23,485
2019-11-24,485
2019-11-25,488
2019-11-26,490
2019-11-27,490
2019-11-28,493
2019-11-29,493
2019-11-30,493
2019-12-1,493
2019-12-2,495
2019-12-3,495
2019-12-4,495
2019-12-5,495
2019-12-6,495
2019-12-7,495
2019-12-8,495
2019-12-9,495
2019-12-10,495
2019-12-11,495
2019-12-12,495
2019-12-13,495
2019-12-14,495
2019-12-15,495
2019-12-16,495
2019-12-17,495
2019-12-18,495
2019-12-19,495
2019-12-20,495
2019-12-21,495
2019-12-22,495
2019-12-23,495
2019-12-24,495
2019-12-25,495
2019-12-26,495
2019-12-27,495
2019-12-28,495
2019-12-29,502
2019-12-30,506
2019-12-31,508
2020-1-1,510
2020-1-2,511
2020-1-3,514
2020-1-4,514
2020-1-5,514
2020-1-6,514
2020-1-7,514
2020-1-8,514
2020-1-9,514
2020-1-10,514
2020-1-11,514
2020-1-12,514
2020-1-13,496
2020-1-14,480
2020-1-15,480
2020-1-16,468
2020-1-17,468
2020-1-18,468
2020-1-19,460
2020-1-20,460
2020-1-21,448
2020-1-22,440
2020-1-23,440
2020-1-24,425
2020-1-25,415
2020-1-26,409
2020-1-27,409
2020-1-28,397
2020-1-29,390
2020-1-30,380
2020-1-31,380
2020-2-1,370
2020-2-2,370
2020-2-3,370
2020-2-4,355
2020-2-5,348
2020-2-6,348
2020-2-7,348
2020-2-8,348
2020-2-9,367
2020-2-10,390
2020-2-11,412
2020-2-12,432
2020-2-13,447
2020-2-14,450
2020-2-15,455
2020-2-16,455
2020-2-17,455
2020-2-18,425
2020-2-19,390
2020-2-20,390
2020-2-21,370
2020-2-22,345
2020-2-23,345
2020-2-24,355
2020-2-25,365
2020-2-26,370
2020-2-27,375
2020-2-28,378
2020-3-1,378
2020-3-2,378
2020-3-3,350
2020-3-4,350
2020-3-5,350
2020-3-6,350
2020-3-7,355
2020-3-8,362
2020-3-9,365
2020-3-10,365
2020-3-11,365
2020-3-12,365
2020-3-13,347
2020-3-14,347
2020-3-15,345
2020-3-16,325
2020-3-17,320
2020-3-18,300
2020-3-19,270
2020-3-20,270
2020-3-21,275
2020-3-22,275
2020-3-23,380
2020-3-24,400
2020-3-25,400
2020-3-26,400
2020-3-27,417
2020-3-28,415
2020-3-29,417
2020-3-30,410
2020-3-31,410
2020-4-1,270
2020-4-2,250
2020-4-3,250
2020-4-4,350
2020-4-5,360
2020-4-6,360
2020-4-7,360
2020-4-8,360
2020-4-9,330
2020-4-10,332
2020-4-11,332
2020-4-12,332
2020-4-13,332
2020-4-14,332
2020-4-15,330
2020-4-16,335
2020-4-17,355
2020-4-18,370
2020-4-19,385
2020-4-20,395
2020-4-21,405
2020-4-22,405
2020-4-23,405
2020-4-24,405
2020-4-25,405
2020-4-26,405
2020-4-27,345
2020-4-28,345
2020-4-29,345
2020-4-30,345
2020-5-1,370
2020-5-2,380
2020-5-3,386
2020-5-4,386
2020-5-5,386
2020-5-6,365
2020-5-7,350
2020-5-8,350
2020-5-9,350
2020-5-10,350
2020-5-11,335
2020-5-12,330
2020-5-13,330
2020-5-14,340
2020-5-15,350
2020-5-16,355
2020-5-17,355
2020-5-18,355
2020-5-19,328
2020-5-20,325
2020-5-21,325
2020-5-22,325
2020-5-23,340
2020-5-24,340
2020-5-25,340
2020-5-26,340
2020-5-27,340
2020-5-28,340
2020-5-29,340
2020-5-30,340
2020-5-31,340
2020-6-1,345
2020-6-2,352
2020-6-3,360
2020-6-4,370
2020-6-5,410
2020-6-6,431
2020-6-7,450
2020-6-8,455
2020-6-9,455
2020-6-10,495
2020-6-11,460
2020-6-12,460
2020-6-13,460
2020-6-14,460
2020-6-15,475
2020-6-16,487
2020-6-17,490
2020-6-18,490
2020-6-19,490
2020-6-20,430
2020-6-21,410
2020-6-22,400
2020-6-23,375
2020-6-24,375
2020-6-25,365
2020-6-26,385
2020-6-27,365
2020-6-28,395
2020-6-29,395
2020-6-30,395
2020-7-1,395
2020-7-2,375
2020-7-3,360
2020-7-4,360
2020-7-5,360
2020-7-6,360
2020-7-7,360
2020-7-8,360
2020-7-9,365
2020-7-10,377
2020-7-11,380
2020-7-12,383
2020-7-13,385
2020-7-14,385
2020-7-15,387
2020-7-16,388
2020-7-17,392
2020-7-18,405
2020-7-19,425
2020-7-20,425
2020-7-21,425
2020-7-22,425
2020-7-23,425
2020-7-24,425
2020-7-25,405
2020-7-26,405
2020-7-27,400
2020-7-28,373
2020-7-29,383
2020-7-30,393
2020-7-31,403
2020-8-1,410
2020-8-2,440
2020-8-3,418
2020-8-4,418
2020-8-5,418
2020-8-6,418
2020-8-7,418
2020-8-8,418
2020-8-9,405
2020-8-10,405
2020-8-11,405
2020-8-12,405
2020-8-13,405
2020-8-14,412
2020-8-15,418
2020-8-16,418
2020-8-17,423
2020-8-18,428
2020-8-19,428
2020-8-20,432
2020-8-21,432
2020-8-22,432
2020-8-23,432
2020-8-24,437
2020-8-25,437
2020-8-26,450
2020-8-27,450
2020-8-28,457
2020-8-29,467
2020-8-30,471
2020-8-31,478
2020-9-1,502
2020-9-2,502
2020-9-3,502
2020-9-4,485
2020-9-5,485
2020-9-6,485
2020-9-7,485
2020-9-8,502
2020-9-9,525
2020-9-10,540
2020-9-11,550
2020-9-12,550
2020-9-13,550
2020-9-14,550
2020-9-15,550
2020-9-16,550
2020-9-17,536
2020-9-18,536
2020-9-19,550
2020-9-20,553
2020-9-21,555
2020-9-22,555
2020-9-23,555
2020-9-24,555
2020-9-25,555
2020-9-26,555
2020-9-27,555
2020-9-28,555
2020-9-29,555
2020-9-30,555
2020-10-1,561
2020-10-2,566
2020-10-3,571
2020-10-4,571
2020-10-5,571
2020-10-6,573
2020-10-7,573
2020-10-8,573
2020-10-9,573
2020-10-10,573
2020-10-11,573
2020-10-12,573
2020-10-13,573
2020-10-14,573
2020-10-15,573
2020-10-16,573
2020-10-17,573
2020-10-18,573
2020-10-19,573
2020-10-20,573
2020-10-21,573
2020-10-22,573
2020-10-23,573
2020-10-24,573
2020-10-25,573
2020-10-26,573
2020-10-27,573
2020-10-28,573
2020-10-29,558
2020-10-30,558
2020-10-31,558
2020-11-1,548
2020-11-2,548
2020-11-3,533
2020-11-4,518
2020-11-5,502
2020-11-6,502
2020-11-7,492
2020-11-8,492
2020-11-9,500
2020-11-10,520
2020-11-11,530
2020-11-12,530
2020-11-13,530
2020-11-14,530
2020-11-15,530
2020-11-16,530
2020-11-17,520
2020-11-18,520
2020-11-19,510
2020-11-20,510
2020-11-21,512
2020-11-22,512
2020-11-23,512
2020-11-24,502
2020-11-25,502
2020-11-26,502
2020-11-27,502
2020-11-28,502
2020-11-29,502
2020-11-30,504
2020-12-1,504
2020-12-2,504
2020-12-3,504
2020-12-4,504
2020-12-5,480
2020-12-6,460
2020-12-7,460
2020-12-8,460
2020-12-9,463
2020-12-10,478
2020-12-11,500
2020-12-12,520
2020-12-13,525
2020-12-14,530
2020-12-15,536
2020-12-16,540
2020-12-17,540
2020-12-18,540
2020-12-19,540
2020-12-20,540
2020-12-21,544
2020-12-22,550
2020-12-23,555
2020-12-24,560
2020-12-25,563
2020-12-26,563
2020-12-27,563
2020-12-28,563
2020-12-29,563
2020-12-30,563
2020-12-31,563
2021-1-1,568
2021-1-2,560
2021-1-3,571
2021-1-4,571
2021-1-5,571
2021-1-6,571
2021-1-7,571
2021-1-8,520
2021-1-9,500
2021-1-10,490
2021-1-11,440
2021-1-12,425
2021-1-13,425
2021-1-14,425
2021-1-15,430
2021-1-16,445
2021-1-17,455
2021-1-18,470
2021-1-19,480
2021-1-20,480
2021-1-21,480
2021-1-22,480
2021-1-23,470
2021-1-24,470
2021-1-25,470
2021-1-26,470
2021-1-27,470
2021-1-28,470
2021-1-29,470
2021-1-30,480
2021-1-31,480
2021-2-1,485
2021-2-2,485
2021-2-3,485
2021-2-4,485
2021-2-5,475
2021-2-6,450
2021-2-7,450
2021-2-8,450
2021-2-9,465
2021-2-10,470
2021-2-11,480
2021-2-12,480
2021-2-13,483
2021-2-14,483
2021-2-15,483
2021-2-16,483
2021-2-17,483
2021-2-18,463
2021-2-19,450
2021-2-20,450
2021-2-21,450
2021-2-22,450
2021-2-23,450
2021-2-24,455
2021-2-25,457
2021-2-26,459
2021-2-27,444
2021-2-28,424
2021-3-1,424
2021-3-2,424
2021-3-3,424
2021-3-4,427
2021-3-5,430
2021-3-6,435
2021-3-7,442
2021-3-8,453
2021-3-9,453
2021-3-10,453
2021-3-11,453
2021-3-12,453
2021-3-13,440
2021-3-14,440
2021-3-15,430
2021-3-16,430
2021-3-17,430
2021-3-18,430
2021-3-19,433
2021-3-20,433
2021-3-21,435
2021-3-22,435
2021-3-23,435
2021-3-24,435
2021-3-25,435
2021-3-26,435
2021-3-27,435
2021-3-28,435
2021-3-29,438
2021-3-30,438
2021-3-31,438
2021-4-1,438
2021-4-2,438
2021-4-3,442
2021-4-4,446
2021-4-5,450
2021-4-6,455
2021-4-7,460
2021-4-8,465
2021-4-9,470
2021-4-10,475
2021-4-11,480
2021-4-12,485
2021-4-13,490
2021-4-14,495
2021-4-15,501
2021-4-16,506
2021-4-17,506
2021-4-18,506
2021-4-19,496
2021-4-20,481
2021-4-21,481
2021-4-22,450
2021-4-23,435
2021-4-24,420
2021-4-25,430
2021-4-26,436
2021-4-27,440
2021-4-28,440
2021-4-29,440
2021-4-30,440
2021-5-1,440
2021-5-2,440
2021-5-3,410
2021-5-4,415
2021-5-5,420
2021-5-6,450
2021-5-7,465
2021-5-8,495
2021-5-9,505
2021-5-10,515
2021-5-11,515
2021-5-12,525
2021-5-13,530
2021-5-14,535
2021-5-15,540
2021-5-16,545
2021-5-17,550
2021-5-18,555
2021-5-19,560
2021-5-20,570
2021-5-21,575
2021-5-22,590
2021-5-23,600
2021-5-24,605
2021-5-25,605
2021-5-26,605
2021-5-27,605
2021-5-28,605
2021-5-29,605
2021-5-30,565
2021-5-31,560
2021-6-1,560
2021-6-2,570
2021-6-3,580
2021-6-4,580
2021-6-5,580
2021-6-6,580
2021-6-7,580
2021-6-8,580
2021-6-9,580
2021-6-10,570
2021-6-11,570
2021-6-12,575
2021-6-13,575
2021-6-14,575
2021-6-15,575
2021-6-16,560
2021-6-17,550
2021-6-18,540
2021-6-19,540
2021-6-20,560
2021-6-21,570
2021-6-22,575
2021-6-23,575
2021-6-24,575
2021-6-25,575
2021-6-26,575
2021-6-27,575
2021-6-28,555
2021-6-29,555
2021-6-30,545
2021-7-1,535
2021-7-2,535
2021-7-3,530
2021-7-4,530
2021-7-5,545
2021-7-6,550
2021-7-7,550
2021-7-8,550
2021-7-9,550
2021-7-10,530
2021-7-11,530
2021-7-12,532
2021-7-13,534
2021-7-14,536
2021-7-15,540
2021-7-16,545
2021-7-17,550
2021-7-18,550
2021-7-19,550
2021-7-20,550
2021-7-21,550
2021-7-22,550
2021-7-23,540
2021-7-24,535
2021-7-25,525
2021-7-26,520
2021-7-27,500
2021-7-28,490
2021-7-29,490
2021-7-30,480
2021-7-31,475
2021-8-1,475
2021-8-2,480
2021-8-3,490
2021-8-4,505
2021-8-5,510
2021-8-6,510
2021-8-7,475
2021-8-8,475
2021-8-9,465
2021-8-10,465
2021-8-11,465
2021-8-12,465
2021-8-13,465
2021-8-14,467
2021-8-15,470
2021-8-16,473
2021-8-17,476
2021-8-18,476
2021-8-19,476
2021-8-20,476
2021-8-21,456
2021-8-22,456
2021-8-23,456
2021-8-24,460
2021-8-25,465
2021-8-26,470
2021-8-27,475
2021-8-28,475
2021-8-29,480
2021-8-30,483
2021-8-31,483
2021-9-1,483
2021-9-2,483
2021-9-3,483
2021-9-4,483
2021-9-5,488
2021-9-6,488
2021-9-7,488
2021-9-8,488
2021-9-9,481
2021-9-10,470
2021-9-11,470
2021-9-12,460
2021-9-13,475
2021-9-14,480
2021-9-15,485
2021-9-16,490
2021-9-17,493
2021-9-18,493
2021-9-19,493
2021-9-20,493
2021-9-21,493
2021-9-22,493
2021-9-23,493
2021-9-24,493
2021-9-25,498
2021-9-26,503
2021-9-27,508
2021-9-28,508
2021-9-29,511
2021-9-30,513
2021-10-1,513
2021-10-2,513
2021-10-3,483
2021-10-4,483
2021-10-5,473
2021-10-6,473
2021-10-7,473
2021-10-8,473
2021-10-9,473
2021-10-10,473
2021-10-11,473
2021-10-12,473
2021-10-13,476
2021-10-14,476
2021-10-15,476
2021-10-16,476
2021-10-17,476
2021-10-18,476
2021-10-19,476
2021-10-20,461
2021-10-21,461
2021-10-22,461
2021-10-23,450
2021-10-24,450
2021-10-25,450
2021-10-26,450
2021-10-27,460
2021-10-28,465
2021-10-29,465
2021-10-30,467
2021-10-31,475
2021-11-1,475
2021-11-2,475
2021-11-3,475
2021-11-4,485
2021-11-5,500
2021-11-6,510
2021-11-7,510
2021-11-8,510
2021-11-9,502
2021-11-10,502
2021-11-11,505
2021-11-12,512
2021-11-13,520
2021-11-14,520
2021-11-15,525
2021-11-16,530
2021-11-17,530
2021-11-18,530
2021-11-19,530
2021-11-20,505
2021-11-21,505
2021-11-22,505
2021-11-23,507
2021-11-24,507
2021-11-25,507
2021-11-26,507
2021-11-27,514
2021-11-28,514
2021-11-29,514
2021-11-30,514
2021-12-1,500
2021-12-2,495
2021-12-3,515
2021-12-4,525
2021-12-5,535
2021-12-6,540
2021-12-7,550
2021-12-8,555
2021-12-9,560
2021-12-10,560
2021-12-11,560
2021-12-12,560
2021-12-13,550
2021-12-14,555
2021-12-15,557
2021-12-16,557
2021-12-17,557
2021-12-18,557
2021-12-19,557
2021-12-20,557
2021-12-21,557
2021-12-22,557
2021-12-23,560
2021-12-24,560
2021-12-25,560
2021-12-26,560
2021-12-27,560
2021-12-28,540
2021-12-29,540
2021-12-30,540
2021-12-31,540
2022-1-1,540
2022-1-2,550
2022-1-3,550
2022-1-4,550
2022-1-5,550
2022-1-6,540
2022-1-7,540
2022-1-8,540
2022-1-9,530
2022-1-10,530
2022-1-11,525
2022-1-12,525
2022-1-13,525
2022-1-14,520
2022-1-15,520
2022-1-16,515
2022-1-17,505
2022-1-18,505
2022-1-19,505
2022-1-20,495
2022-1-21,490
2022-1-22,490
2022-1-23,480
2022-1-24,480
2022-1-25,475
2022-1-26,475
2022-1-27,475
2022-1-28,475
2022-1-29,478
2022-1-30,488
2022-1-31,495
2022-2-1,508
2022-2-2,520
2022-2-3,523
2022-2-4,523
2022-2-5,523
2022-2-6,523
2022-2-7,483
2022-2-8,483
2022-2-9,483
2022-2-10,483
2022-2-11,468
2022-2-12,468
2022-2-13,468
2022-2-14,475
2022-2-15,475
2022-2-16,475
2022-2-17,480
2022-2-18,480
2022-2-19,480
2022-2-20,480
2022-2-21,440
2022-2-22,440
2022-2-23,440
2022-2-24,425
2022-2-25,425
2022-2-26,430
2022-2-27,440
2022-2-28,440
2022-3-1,440
2022-3-2,440
2022-3-3,425
2022-3-4,425
2022-3-5,425
2022-3-6,425
2022-3-7,425
2022-3-8,425
2022-3-9,428
2022-3-10,430
2022-3-11,433
2022-3-12,438
2022-3-13,440
2022-3-14,442
2022-3-15,445
2022-3-16,447
2022-3-17,450
2022-3-18,452
2022-3-19,452
2022-3-20,452
2022-3-21,455
2022-3-22,455
2022-3-23,455
2022-3-24,455
2022-3-25,455
2022-3-26,455
2022-3-27,455
2022-3-28,433
2022-3-29,420
2022-3-30,420
2022-3-31,420
2022-4-1,420
2022-4-2,420
2022-4-3,420
2022-4-4,420
2022-4-5,420
2022-4-6,423
2022-4-7,473
2022-4-8,475
2022-4-9,480
2022-4-10,480
2022-4-11,480
2022-4-12,480
2022-4-13,480
2022-4-14,480
2022-4-15,450
2022-4-16,450
2022-4-17,445
2022-4-18,445
2022-4-19,445
2022-4-20,430
2022-4-21,420
2022-4-22,420
2022-4-23,400
2022-4-24,390
2022-4-25,390
2022-4-26,395
2022-4-27,400
2022-4-28,400
2022-4-29,400
2022-4-30,390
2022-5-1,385
2022-5-2,370
2022-5-3,370
2022-5-4,370
2022-5-5,375
2022-5-6,385
2022-5-7,400
2022-5-8,405
2022-5-9,410
2022-5-10,420
2022-5-11,430
2022-5-12,455
2022-5-13,470
2022-5-14,485
2022-5-15,510
2022-5-16,530
2022-5-17,535
2022-5-18,535
2022-5-19,535
2022-5-20,535
2022-5-21,535
2022-5-22,480
2022-5-23,500
2022-5-24,510
2022-5-25,510
2022-5-26,515
2022-5-27,520
2022-5-28,525
2022-5-29,525
2022-5-30,525
2022-5-31,525
2022-6-1,525
2022-6-2,525
2022-6-3,525
2022-6-4,525
2022-6-5,525
2022-6-6,525
2022-6-7,525
2022-6-8,530
2022-6-9,530
2022-6-10,535
2022-6-11,537
2022-6-12,542
2022-6-13,542
2022-6-14,542
2022-6-15,542
2022-6-16,542
2022-6-17,545
2022-6-18,545
2022-6-19,545
2022-6-20,545
2022-6-21,550
2022-6-22,555
2022-6-23,565
2022-6-24,575
2022-6-25,585
2022-6-26,590
2022-6-27,590
2022-6-28,590
2022-6-29,590
2022-6-30,590
2022-7-1,590
2022-7-2,590
2022-7-3,570
2022-7-4,580
2022-7-5,580
2022-7-6,580
2022-7-7,580
2022-7-8,580
2022-7-9,550
2022-7-10,550
2022-7-11,510
2022-7-12,510
2022-7-13,510
2022-7-14,510
2022-7-15,455
2022-7-16,455
2022-7-17,455
2022-7-18,460
2022-7-19,460
2022-7-20,465
2022-7-21,465
2022-7-22,445
2022-7-23,435
2022-7-24,435
2022-7-25,425
2022-7-26,425
2022-7-27,425
2022-7-28,428
2022-7-29,433
2022-7-30,438
2022-7-31,445
2022-8-1,450
2022-8-2,452
2022-8-3,452
2022-8-4,452
2022-8-5,452
2022-8-6,455
2022-8-7,460
2022-8-8,465
2022-8-9,470
2022-8-10,475
2022-8-11,485
2022-8-12,495
2022-8-13,505
2022-8-14,515
2022-8-15,515
2022-8-16,515
2022-8-17,517
2022-8-18,519
2022-8-19,509
2022-8-20,502
2022-8-21,500
2022-8-22,505
2022-8-23,507
2022-8-24,507
2022-8-25,507
2022-8-26,500
2022-8-27,500
2022-8-28,480
2022-8-29,475
2022-8-30,455
2022-8-31,461
2022-9-1,481
2022-9-2,531
2022-9-3,531
2022-9-4,531
2022-9-5,500
2022-9-6,505
2022-9-7,505
2022-9-8,510
2022-9-9,510
2022-9-10,505
2022-9-11,495
2022-9-12,495
2022-9-13,485
2022-9-14,485
2022-9-15,500
2022-9-16,510
2022-9-17,515
2022-9-18,515
2022-9-19,500
2022-9-20,490
2022-9-21,490
2022-9-22,495
2022-9-23,500
2022-9-24,505
2022-9-25,510
2022-9-26,510
2022-9-27,512
2022-9-28,512
2022-9-29,497
2022-9-30,497
2022-10-1,497
2022-10-2,497
2022-10-3,497
2022-10-4,497
2022-10-5,490
2022-10-6,490
2022-10-7,490
2022-10-8,490
2022-10-9,490
2022-10-10,495
2022-10-11,500
2022-10-12,500
2022-10-13,510
2022-10-14,515
2022-10-15,515
2022-10-16,515
2022-10-17,515
2022-10-18,515
2022-10-19,515
2022-10-20,515
2022-10-21,515
2022-10-22,520
2022-10-23,530
2022-10-24,545
2022-10-25,555
2022-10-26,560
2022-10-27,560
2022-10-28,560
2022-10-29,548
2022-10-30,548
2022-10-31,570
2022-11-1,575
2022-11-2,580
2022-11-3,582
2022-11-4,565
2022-11-5,565
2022-11-6,570
2022-11-7,573
2022-11-8,573
2022-11-9,573
2022-11-10,560
2022-11-11,560
2022-11-12,560
2022-11-13,570
2022-11-14,577
2022-11-15,577
2022-11-16,580
2022-11-17,583
2022-11-18,583
2022-11-19,583
2022-11-20,583
2022-11-21,588
2022-11-22,588
2022-11-23,593
2022-11-24,601
2022-11-25,604
2022-11-26,604
2022-11-27,604
2022-11-28,604
2022-11-29,604
2022-11-30,585
2022-12-1,585
2022-12-2,588
2022-12-3,601
2022-12-4,608
2022-12-5,608
2022-12-6,608
2022-12-7,590
2022-12-8,590
2022-12-9,580
2022-12-10,585
2022-12-11,590
2022-12-12,595
2022-12-13,600
2022-12-14,610
2022-12-15,610
2022-12-16,610
2022-12-17,610
2022-12-18,610
2022-12-19,610
2022-12-20,610
2022-12-21,610
2022-12-22,612
2022-12-23,612
2022-12-24,612
2022-12-25,612
2022-12-26,585
2022-12-27,575
2022-12-28,575
2022-12-29,575
2022-12-30,580
2022-12-31,601
